{"cameraMode":{"drawMode":0,"name":"Shaded","section":"Shading Mode"},"sceneLighting":true,"audioPlay":false,"sceneViewState":{"m_AlwaysRefresh":false,"showFog":true,"showSkybox":true,"showFlares":true,"showImageEffects":true,"showParticleSystems":true,"showVisualEffectGraphs":true,"m_FxEnabled":true},"in2DMode":false,"pivot":{"x":52.310001373291019,"y":139.17984008789063,"z":-66.59452819824219},"rotation":{"x":0.034681834280490878,"y":0.9638611674308777,"z":-0.1578322798013687,"w":0.21179752051830293},"size":1.0236457586288453,"orthographic":false}