{"cameraMode":{"drawMode":0,"name":"Shaded","section":"Shading Mode"},"sceneLighting":false,"audioPlay":false,"sceneViewState":{"showFog":false,"showMaterialUpdate":false,"showSkybox":false,"showFlares":false,"showImageEffects":false,"showParticleSystems":false},"in2DMode":false,"pivot":{"x":36.68000030517578,"y":139.6999969482422,"z":-46.59000015258789},"rotation":{"x":-0.009876600466668606,"y":0.9897424578666687,"z":-0.11363248527050019,"w":-0.08602534979581833},"size":6.230180263519287,"orthographic":false}