{"cameraMode":{"drawMode":0,"name":"Shaded","section":"Shading Mode"},"sceneLighting":false,"audioPlay":false,"sceneViewState":{"showFog":false,"showMaterialUpdate":false,"showSkybox":false,"showFlares":false,"showImageEffects":false,"showParticleSystems":false},"in2DMode":false,"pivot":{"x":34.85174560546875,"y":139.76669311523438,"z":-44.92371368408203},"rotation":{"x":0.13187620043754579,"y":-0.6467673778533936,"z":0.11489389836788178,"w":0.742362380027771},"size":4.401150703430176,"orthographic":false}