{"cameraMode":{"drawMode":0,"name":"Shaded","section":"Shading Mode"},"sceneLighting":false,"audioPlay":false,"sceneViewState":{"showFog":true,"showMaterialUpdate":false,"showSkybox":true,"showFlares":true,"showImageEffects":true,"showParticleSystems":true},"in2DMode":false,"pivot":{"x":0.006366729736328125,"y":4.066762924194336,"z":-0.35304582118988039},"rotation":{"x":-0.19828176498413087,"y":-0.7999538779258728,"z":0.42906245589256289,"w":-0.3696810007095337},"size":15.541285514831543,"orthographic":false}