{"cameraMode":{"drawMode":0,"name":"Shaded","section":"Shading Mode"},"sceneLighting":false,"audioPlay":false,"sceneViewState":{"showFog":true,"showMaterialUpdate":false,"showSkybox":true,"showFlares":true,"showImageEffects":true,"showParticleSystems":true},"in2DMode":false,"pivot":{"x":0.03411531448364258,"y":-0.01377260684967041,"z":-0.11796069145202637},"rotation":{"x":-0.19828176498413087,"y":-0.7999538779258728,"z":0.42906245589256289,"w":-0.3696810007095337},"size":7.243072032928467,"orthographic":false}