{"cameraMode":{"drawMode":0,"name":"Shaded","section":"Shading Mode"},"sceneLighting":false,"audioPlay":false,"sceneViewState":{"showFog":false,"showMaterialUpdate":false,"showSkybox":false,"showFlares":false,"showImageEffects":false,"showParticleSystems":false},"in2DMode":false,"pivot":{"x":37.88261413574219,"y":139.8906707763672,"z":-45.88875198364258},"rotation":{"x":0.13187620043754579,"y":-0.6467673778533936,"z":0.11489389836788178,"w":0.742362380027771},"size":5.630034923553467,"orthographic":false}