{"cameraMode":{"drawMode":0,"name":"Shaded","section":"Shading Mode"},"sceneLighting":false,"audioPlay":false,"sceneViewState":{"showFog":false,"showMaterialUpdate":false,"showSkybox":false,"showFlares":false,"showImageEffects":false,"showParticleSystems":false},"in2DMode":false,"pivot":{"x":40.0,"y":140.25253295898438,"z":-49.706390380859378},"rotation":{"x":-0.07022162526845932,"y":0.9224803447723389,"z":-0.20126286149024964,"w":-0.3218580484390259},"size":5.9314446449279789,"orthographic":false}