{"cameraMode":{"drawMode":0,"name":"Shaded","section":"Shading Mode"},"sceneLighting":false,"audioPlay":false,"sceneViewState":{"showFog":false,"showMaterialUpdate":false,"showSkybox":false,"showFlares":false,"showImageEffects":false,"showParticleSystems":false},"in2DMode":false,"pivot":{"x":48.310001373291019,"y":140.75399780273438,"z":-63.43000030517578},"rotation":{"x":-0.07022162526845932,"y":0.9224803447723389,"z":-0.20126286149024964,"w":-0.3218580484390259},"size":4.85999870300293,"orthographic":false}