{"cameraMode":{"drawMode":0,"name":"Shaded","section":"Shading Mode"},"sceneLighting":false,"audioPlay":false,"sceneViewState":{"showFog":true,"showMaterialUpdate":false,"showSkybox":true,"showFlares":true,"showImageEffects":true,"showParticleSystems":true},"in2DMode":false,"pivot":{"x":201.0979461669922,"y":-99.98938751220703,"z":-161.9374237060547},"rotation":{"x":0.06923754513263703,"y":0.9281724095344544,"z":-0.22007814049720765,"w":0.2920072674751282},"size":280.7989807128906,"orthographic":false}